id,제목,코드,템포,주제
b_2t45ad,Again,G,미디움,"간구, 선교"
b_1hzhddg,born again,C A Bb,빠른곡,"예수, 고백"
b_1nr76r1,가슴마다 파도친다,C,미디움,"결단과 헌신, 선교"
b_1b6ws1c,갈 길을 밝히 보이시니,G A,미디움,"고백, 인도와 보호"
b_1lcmp1u,갈릴리 마을 그 숲속에서,A,미디움,"예수, 고백"
b_4a9upd,갈보리 산 위에,A,느린곡,"십자가, 보혈"
b_481al,갈보리 십자가의 사랑,D,느린곡,"십자가, 사랑"
b_2pptl,감사,E,미디움,"감사, 고백"
b_1qx3pq5,감사로 제사를 드리는 자가,D,미디움,감사
b_4e65wk,감사와 찬양 드리며,D,미디움,"감사, 찬양(빠른곡)"
b_2hk9d9,감사해,G,미디움,"감사, 고백"
b_42xxw8,감사해 시험이 닥쳐올 때에,C,미디움,감사
b_1ylwrxd,거룩하신 전능의 주,G,빠른곡,찬양(빠른곡)
b_waih8c,거룩하신 하나님,A,느린곡,감사
b_dl0smk,거룩하신 하나님 주께 감사드리세,F,미디움,"감사, 경배"
b_dv56i0,고요한 밤 거룩한 밤,A,느린곡,"경배, 성탄"
b_ntbjog,공감하시네,E,느린곡,"사랑, 치유"
b_d3yne8,광대하신 주,A,빠른곡,찬양(빠른곡)
b_zprzr9,괴로울 때 주님의 얼굴 보라,A,미디움,"고백, 치유"
b_2q5nd,교회,E,미디움,"결단과 헌신, 교제"
b_n85kp,교회여 일어나라,A,빠른곡,"선교, 영적전쟁, 교제"
b_1ekkf41,구주 예수 의지함이,G,미디움,"예수, 고백, 인도와 보호"
b_ggdup5,구주를 생각만 해도,G,느린곡,"경배, 예수"
b_ipows,구주와 함께 나 죽었으니,F,느린곡,"예수, 십자가, 고백, 교제"
b_1e5okls,구주의 십자가 보혈로,G,느린곡,"예수, 십자가, 보혈"
b_de5ves,귀하신 주여 날 붙드사,C,느린곡,"간구, 인도와 보호"
b_2pqal,그 날,A,느린곡,"예수, 고백"
b_1ref4z1,그 날이 도적같이 이를 줄,A,미디움,"결단과 헌신, 고백"
b_a1l1gh,그 때 그 무리들이,G,미디움,"예수, 십자가"
b_1423g3x,그 맑고 환한 밤중에,A,느린곡,"경배, 성탄"
b_2i0j4w,그 사랑,F,느린곡,"십자가, 사랑"
b_3e9ngs,그 사랑 얼마나,G,느린곡,"십자가, 사랑"
b_oiv8ap,그 손이 나를 붙잡네,C,느린곡,"은혜, 고백"
b_12mwj85,그 어린 주 예수,G,느린곡,"예수, 성탄"
b_57jir0,그 크신 하나님의 사랑,D,느린곡,"하나님, 은혜, 사랑"
b_2i2i8x,그 피가,E,느린곡,"십자가, 보혈"
b_18no4q5,그가 오신 이유,C,미디움,"예수, 십자가"
b_mikyzk,그들이 방주 안에 있을 때,E,미디움,"인도와 보호, 영적전쟁"
b_rnpnjt,그리 아니하실지라도,G,느린곡,"간구, 고백"
b_1seg005,그리스도의 계절,A,미디움,"결단과 헌신, 예수, 선교"
b_bh0pzt,그의 생각,E F,느린곡,"사랑, 고백"
b_2p99x,기대,C A Bb,느린곡,"간구, 고백"
b_z8ki9s,기뻐하며 승리의 노래,E,빠른곡,영적전쟁
b_z78y6w,기뻐하며 왕께 노래 부르리,G,빠른곡,"찬양(빠른곡), 경배"
b_13cz52p,기쁘다 구주 오셨네,D,빠른곡,"예수, 영광, 성탄"
b_au0af5,기회로다,C,미디움,"결단과 헌신, 선교"
b_1qilzfb,길을 찾는 너를 위해,A,느린곡,"사랑, 간구"
b_13eow3t,깊어진 삶을 주께,E,느린곡,"결단과 헌신, 고백"
b_2huddy,꽃들도,G,미디움,"감사, 하나님"
b_ea7mmv,끝없는 사랑,F,느린곡,"은혜, 사랑"
b_e19l4b,나 가진 재물 없으나,A,미디움,"감사, 고백"
b_1okfl8g,나 같은 죄인 살리신,G,느린곡,은혜
b_13sutls,나 무엇과도 주님을 바꾸지 않으리,D,느린곡,"경배, 고백"
b_5uq5tm,나 이제 주님의 새 생명 얻은 몸,E,미디움,"결단과 헌신, 고백"
b_1hxvatx,나 자유 얻었네 너 자유 얻었네,G,빠른곡,"찬양(빠른곡), 은혜"
b_1uweffh,나 주님의 기쁨 되기 원하네,F,느린곡,간구
b_efrb12,나 주의 도움 받고자,D,미디움,"간구, 고백"
b_isk518,나 주의 믿음 갖고,G,미디움,"결단과 헌신, 고백"
b_aj3ddm,나는 믿음으로,E,미디움,"결단과 헌신, 고백"
b_n062gf,나는 아무것도 아닙니다,D E,느린곡,"은혜, 고백"
b_1yaueh4,나는 예배자입니다,F G A,느린곡,"경배, 고백"
b_16fujas,나는 주님께 속한 자,A,미디움,"결단과 헌신, 고백"
b_721da4,나는 주님을 찬양하리라,F,빠른곡,찬양(빠른곡)
b_1dvtg58,나는 찬양하리라,A,느린곡,"찬양(느린곡), 예수, 영광"
b_1yu34z8,나를 사랑하는 주님,A,느린곡,"은혜, 사랑"
b_150evc1,나를 향한 주의 사랑,E F,미디움,사랑
b_tgx5jd,나의 가는 길,G A,느린곡,"고백, 인도와 보호"
b_3o16x6,나의 가장 낮은 마음,A,느린곡,"경배, 고백"
b_1l3x4f8,나의 간절한 소망,F,느린곡,"간구, 고백"
b_1shco5k,나의 갈 길 다 가도록,G,느린곡,"고백, 인도와 보호"
b_1xhcy2g,나의 기쁨 나의 소망 되시며,G,느린곡,"예수, 고백"
b_1bb4gu4,나의 등 뒤에서,E,느린곡,"은혜, 인도와 보호"
b_dgobnp,나의 만족과 유익을 위해,C,느린곡,결단과 헌신
b_bnk6wa,나의 맘 받으소서,D,느린곡,간구
b_3xu9h0,나의 모습 나의 소유,F,느린곡,결단과 헌신
b_1x2wb1a,나의 믿음 주께 있네,Bb,미디움,"간구, 고백"
b_16nejik,나의 반석이신 하나님,A,빠른곡,"찬양(빠른곡), 찬양(느린곡)"
b_199bvu1,나의 안에 거하라,A,느린곡,인도와 보호
b_1beku2h,나의 영원하신 기업,G,느린곡,"예수, 고백"
b_112kkbo,나의 영혼이 잠잠히,A Bb,느린곡,고백
b_eo9jgx,나의 영혼이 주를 찬양,D,느린곡,"찬양(느린곡), 고백"
b_t24tss,나의 입술로,D,느린곡,"경배, 고백"
b_12cayt5,나의 주 나의 하나님이여,E,느린곡,"경배, 고백"
b_3y1p2h,나의 힘이 되신 여호와여,A,미디움,"간구, 고백"
b_18o7pwh,날 구원하신 주 감사,A,느린곡,감사
b_s2sit1,날 세우시네,C,미디움,"은혜, 고백"
b_fj4jww,날 위하여 십자가의,G,느린곡,"십자가, 보혈"
b_uwpqc5,날 향한 계획,C,느린곡,"고백, 인도와 보호"
b_10nhpm5,날마다 숨쉬는 순간마다,E,느린곡,"은혜, 고백"
b_f6355j,낮엔 해처럼 밤엔 달처럼,G,미디움,"결단과 헌신, 고백"
b_6xpfeg,내 갈급함,E F G,느린곡,"간구, 고백"
b_f8kotl,내 구주 예수님,C,느린곡,예수
b_oxcw7p,내 구주 예수를 더욱 사랑,G,느린곡,"예수, 사랑, 고백"
b_1aek09o,내 마음을 가득 채운,E,미디움,"찬양(빠른곡), 사랑"
b_19rq4ew,내 맘의 주여 소망 되소서,C,느린곡,"간구, 고백"
b_wge37r,내 모든 삶의 행동,G,느린곡,"결단과 헌신, 고백"
b_u0tm4b,내 삶 드리리,G A,느린곡,"결단과 헌신, 고백"
b_m20ag6,내 손을 주께 높이 듭니다,G,느린곡,"경배, 간구"
b_1jfx5wz,내 안에 가장 귀한 것,C D,느린곡,"경배, 고백"
b_19jnm5t,내 안에 부어 주소서,A,느린곡,"성령, 간구"
b_9ijqsl,내 안에 사는 이,C,느린곡,예수
b_1azd6ys,내 안에 주를 향한 이 노래,A,느린곡,"찬양(느린곡), 사랑"
b_4yvpp8,내 영이 주를 찬양합니다,E,미디움,"찬양(느린곡), 경배"
b_ln77yp,내 영혼아 주를 찬양하라,G,미디움,"찬양(느린곡), 고백"
b_ftb1o4,내 영혼에 햇빛 비치니,G,미디움,"감사, 고백"
b_7xyex1,내 영혼은 안전합니다,E G A,미디움,"고백, 인도와 보호"
b_lo0dyb,내 영혼의 그윽이 깊은 데서,Bb,느린곡,"고백, 치유"
b_f9do7z,내 영혼의 그윽히 깊은 데서,G,느린곡,"고백, 인도와 보호"
b_11wyfec,내 영혼이 은총 입어,G,미디움,"은혜, 고백"
b_zl5vg0,내 영혼이 잠잠히,A,느린곡,"간구, 고백"
b_now7jt,내 이름 아시죠,E,느린곡,"고백, 치유"
b_1nkbmh,내 잔이 넘치나이다,C,느린곡,"감사, 치유"
b_1yv3x9k,내 주 되신 주를 참 사랑하고,F,느린곡,"사랑, 고백"
b_1nj64al,내 주 없인 살 수 없네,D,느린곡,"간구, 고백"
b_9m0uwl,내 주를 가까이 하게 함은,G,느린곡,"간구, 고백"
b_7lwpvk,내 주의 은혜 강가로,G,미디움,"은혜, 고백"
b_1ah8820,내 진정 사모하는,F,느린곡,"예수, 고백"
b_gu04a4,내 평생 사는 동안,C D E,미디움,"찬양(빠른곡), 찬양(느린곡)"
b_h3m28p,내 평생에 가는 길,C,느린곡,"고백, 인도와 보호"
b_s1hsd,내가 늘 의지하는 예수,E,미디움,"예수, 고백, 인도와 보호"
b_o8a359,내가 매일 기쁘게,G,미디움,"감사, 고백"
b_1bmgx50,내가 어둠 속에서,E,미디움,"은혜, 고백"
b_1wz35ki,내가 예수를 못 박았습니다,F,느린곡,"예수, 십자가, 고백"
b_htods9,내가 주인 삼은,G,느린곡,사랑
b_1p58ieu,내가 할 수 있는 것은,G,느린곡,"결단과 헌신, 고백"
b_iesdl8,내게 강 같은 평화,F G A Bb,미디움,"고백, 인도와 보호"
b_1ksd67c,내게 있는 향유 옥합,D,느린곡,"결단과 헌신, 고백"
b_9ay5th,내일 일은 난 몰라요,A,미디움,"고백, 인도와 보호"
b_1dvfh1o,너 예수께 조용히 나가,D E,느린곡,"예수, 간구, 고백"
b_1arsgm4,너는 그리스도의 향기라,D,미디움,"결단과 헌신, 예수, 교제"
b_jl3zqd,너는 내 아들이라,C A Bb,느린곡,"하나님, 고백"
b_7o3rou,너는 시냇가에 심은 나무라,E,미디움,"말씀, 인도와 보호"
b_1bjbo8k,너를 선택한다,E G,미디움,"사랑, 고백"
b_1nz6til,너무 멀리 왔나요,F A,느린곡,"간구, 치유"
b_1mceb5g,놀라운 주의 사랑,A,느린곡,"십자가, 사랑"
b_rthuup,누군가 널 위하여,E F G,느린곡,"사랑, 교제"
b_hfhwjp,늘 아쉬운 마음,G,느린곡,"간구, 고백"
b_qgyiac,다 와서 찬양해,G,빠른곡,"찬양(빠른곡), 경배"
b_hio71m,다시 복음 앞에,C D,느린곡,"결단과 헌신, 고백"
b_jnz0ul,다시 일어나,G,미디움,"결단과 헌신, 치유"
b_nbfuge,당신은 사랑받기 위해 태어난 사람,D,미디움,"사랑, 교제"
b_1nixzdg,당신은 알고 있나요,E,느린곡,"사랑, 고백"
b_13dikgx,당신은 하나님의 언약 안에,D,미디움,교제
b_ip9cbo,더 원합니다,G,느린곡,"간구, 고백"
b_7fzbsx,두 손 들고,E,미디움,"찬양(빠른곡), 경배"
b_7o9nap,땅 끝에서,D,빠른곡,"찬양(빠른곡), 선교"
b_16n3h8f,때로는 너의 앞에,G,느린곡,"치유, 인도와 보호"
b_1enj6kl,또 하나의 열매를 바라시며,D,느린곡,"결단과 헌신, 교제"
b_8yfcdl,마귀들과 싸울지라,C,빠른곡,"결단과 헌신, 영적전쟁"
b_181yuts,마음 속에 근심 있는 사람,G A,미디움,"간구, 치유"
b_1vmtv7l,마음의 예배,D,느린곡,"경배, 고백"
b_1t09s90,마음이 상한 자를,F,느린곡,치유
b_1swuzmc,마지막 날에,G,빠른곡,"성령, 선교"
b_q6zs4d,만왕의 왕 내 주께서,E,느린곡,"경배, 예수"
b_1vtymo1,만유의 주재,A,느린곡,"경배, 영광"
b_1vu3abp,말씀하시면,C D,미디움,"말씀, 결단과 헌신"
b_195pvhl,먼저 그 나라와 의를 구하라,C,느린곡,"말씀, 간구"
b_z3x5c6,멈출 수 없는 사랑,Bb,미디움,"은혜, 사랑"
b_12ccuod,모든 능력과 모든 권세,A,느린곡,십자가
b_10uu27h,모든 민족과 방언들 가운데,G,미디움,선교
b_aonpr8,모든 상황 속에서,F,느린곡,"찬양(느린곡), 간구, 고백"
b_2w75c5,모든 생명들아 소리쳐,D,빠른곡,"찬양(빠른곡), 경배"
b_13m34y8,모든 열방 주 볼 때까지,G,미디움,"간구, 선교"
b_c8nmqp,모든 이름 위에 뛰어난 이름,D,느린곡,"경배, 예수"
b_1s2j7s4,목마른 사슴,C,느린곡,"간구, 고백"
b_1khtabk,무화과 나뭇잎이 마르고,A,미디움,"간구, 고백"
b_1pbjv8l,문들아 머리 들어라,G,빠른곡,영적전쟁
b_1owzcr6,물이 바다 덮음 같이,G,빠른곡,"영광, 선교"
b_ele7wk,믿음이 없이는,G,미디움,"결단과 헌신, 고백"
b_2nhmx,밀알,E F,느린곡,"결단과 헌신, 고백"
b_fi70jh,반드시 내가 너를,D,느린곡,"고백, 인도와 보호"
b_cm8a4v,밤이나 낮이나,E,미디움,"간구, 고백"
b_11ffy5p,벙어리의 고백,D,미디움,"간구, 고백"
b_l4f002,변찮는 주님의 사랑과,G,미디움,"사랑, 고백"
b_1icb5px,보라 너희는 두려워 말고,G,느린곡,인도와 보호
b_g3r3r9,보혈을 지나,F G,느린곡,보혈
b_1nis0vg,복음 들고 산을,C,빠른곡,"결단과 헌신, 선교"
b_9rsvkp,복의 근원 강림하사,D,느린곡,"경배, 은혜"
b_2fieag,복이라,D F,미디움,"은혜, 고백"
b_r0k38u,부르신 곳에서,E F,느린곡,"경배, 결단과 헌신"
b_8yc2id,부모의 노래,C,느린곡,"간구, 교제"
b_2nbfk,부흥,C D F G A,느린곡,"간구, 선교"
b_iytksp,비 준비하시니,G A,미디움,"은혜, 간구"
b_2mgp1,비전,A,미디움,"결단과 헌신, 선교"
b_v838qs,빈 들에 마른 풀 같이,A,미디움,성령
b_8dawfu,빛 되신 주,E F,미디움,"경배, 십자가"
b_b010oc,빛나고 높은 보좌와,A,미디움,"경배, 영광"
b_2sp9n8,사람을 보며 세상을 볼 땐,F G,미디움,"간구, 고백"
b_1ue83pp,사람을 살리는 노래,F,미디움,"결단과 헌신, 선교"
b_1i56nq8,사랑은 언제나 오래 참고,D,느린곡,"말씀, 사랑"
b_vwvpw4,사랑의 노래 드리네,G,느린곡,"경배, 사랑"
b_1kvafg0,사랑의 주님이,D,느린곡,"은혜, 사랑"
b_1q418z8,사랑하는 나의 아버지,C,느린곡,"찬양(느린곡), 하나님, 사랑"
b_pwm505,사랑합니다 나의 예수님,G,느린곡,"예수, 사랑, 고백"
b_1536715,사랑합니다 주님,F,느린곡,"경배, 사랑"
b_1sfqz1r,사랑해요 목소리 높여,E,느린곡,"경배, 사랑"
b_bai3bo,사막에 샘이 넘쳐,E,빠른곡,"찬양(빠른곡), 은혜"
b_rtxvh0,산과 시내와 붉은 노을,C,미디움,"감사, 하나님"
b_1q4uhfx,살아계신 주,A,빠른곡,"찬양(빠른곡), 찬양(느린곡)"
b_1m7og0s,새벽부터 우리,C,빠른곡,"감사, 찬양(빠른곡)"
b_1if9bqw,샘물과 같은 보혈은,C A,미디움,"십자가, 보혈"
b_7h1hyt,생명 주께 있네,G,빠른곡,찬양(빠른곡)
b_1ofxusk,선하신 목자,D,빠른곡,"고백, 인도와 보호"
b_i34lmh,선한 능력으로,E F G,느린곡,"고백, 인도와 보호"
b_gnapfc,선한 목자 되신 우리 주,D,느린곡,"예수, 인도와 보호"
b_1m2ktxy,성령 받으라,E F,미디움,"성령, 간구"
b_1mdgw01,성령의 불로,E,느린곡,"성령, 간구"
b_t4hhrp,성령의 불타는 교회,G,빠른곡,"성령, 교제"
b_1jqsmj1,성령의 비가 내리네,G,미디움,"성령, 간구"
b_85r35d,성령이 오셨네,C A,느린곡,성령
b_1igtmd4,성령이여 내 영혼을,D,느린곡,성령
b_1l1jfcp,성령이여 임하소서,A,미디움,"성령, 간구"
b_1km5cj1,세상 모든 민족이,G,느린곡,"영광, 선교"
b_mp5sos,세상에서 방황할 때,C,미디움,"은혜, 고백"
b_1q9pujc,세상이 주를 알기 원하네,D,미디움,"결단과 헌신, 선교"
b_34pzt,소원,F G,느린곡,"결단과 헌신, 고백"
b_1xurbfo,소중한 사람,D,미디움,"사랑, 교제"
b_jqzu68,속죄하신 구세주를,G,느린곡,"감사, 보혈"
b_1efk19v,손을 높이 들고,E,빠른곡,"찬양(빠른곡), 경배"
b_1lj05e4,송축해 내 영혼,G,미디움,"찬양(느린곡), 경배"
b_1n3zeah,슬픈 마음 있는 사람,G,미디움,"간구, 치유"
b_88y47d,슬픈 마음 있는 자,A,미디움,"간구, 치유"
b_15lcwrb,승리는 내 것일세,G,빠른곡,"고백, 영적전쟁"
b_ztrhdq,시온에 영광이 빛나는 아침,G,미디움,"영광, 고백"
b_1l5uezc,시편 23편,C F G,느린곡,"말씀, 인도와 보호"
b_x430wx,신실하게 진실하게,D,미디움,"결단과 헌신, 고백"
b_2xfgqx,실로암,C A,미디움,"간구, 치유"
b_2x48uw,십자가,D,느린곡,"십자가, 고백"
b_isq9ih,십자가 군병되어서,C,빠른곡,"십자가, 영적전쟁"
b_kjtdp9,십자가 그 사랑,G,느린곡,"십자가, 사랑, 인도와 보호"
b_106d4ys,십자가를 질 수 있나,G,느린곡,"결단과 헌신, 십자가"
b_gyokui,십자가의 길 순교자의 삶,A,느린곡,"결단과 헌신, 십자가"
b_zk80oo,십자가의 전달자,B,미디움,"결단과 헌신, 십자가"
b_1n804d9,싹트네 싹터요,D E,빠른곡,"찬양(빠른곡), 선교"
b_1hvsoox,아 하나님의 은혜로,C D,느린곡,"은혜, 고백"
b_1xbp7kh,아름다우신,G A,느린곡,"찬양(느린곡), 십자가"
b_1a99htl,아름다운 마음들이 모여서,C,미디움,"사랑, 교제"
b_4zzukh,아름다운 이야기가 있네,A,미디움,"예수, 고백"
b_1l0i8lw,아름답고 놀라운 주 예수,A,느린곡,예수
b_8assna,아무것도 두려워 말라,C A Bb,느린곡,"고백, 인도와 보호"
b_1xh0fzp,아바 아버지,E F,느린곡,"하나님, 치유"
b_gmiwvs,아버지 사랑 내가 노래해,F,느린곡,"하나님, 사랑"
b_9lmggt,아버지 사랑합니다,F,느린곡,"경배, 하나님, 사랑"
b_25fkca,아주 먼 옛날,C,미디움,"예수, 고백"
b_5uys20,아침 안개 눈 앞 가리듯,C D,느린곡,"간구, 고백"
b_1q2tv26,아침 해가 돋을 때,G,미디움,"감사, 고백"
b_1eplkqt,아침에 주의 인자하심을,G,미디움,"감사, 은혜"
b_1wj5vgw,야곱의 축복,C,미디움,"간구, 교제"
b_1wj8s41,야베스의 기도,A,미디움,"간구, 고백"
b_1rx1l8h,약한 나로 강하게,C,느린곡,예수
b_1pamdgp,약할 때 강함 되시네,F G,느린곡,"예수, 고백"
b_qtqerd,어둔 날 다 지나고,C D,미디움,"은혜, 고백"
b_jd0vit,어찌하여야,C,느린곡,"간구, 고백"
b_vjylph,여기에 모인 우리,F G,미디움,"경배, 교제"
b_1c2jfp9,여호와 우리 주여,C,느린곡,"찬양(빠른곡), 경배"
b_d2iqkd,여호와를 즐거이 불러,E,빠른곡,"감사, 찬양(빠른곡), 하나님"
b_1a2iphx,여호와의 유월절,F,미디움,"보혈, 영적전쟁"
b_1jg1ps9,열려라 에바다,E,빠른곡,"치유, 영적전쟁"
b_nooi11,영광 영광,G,빠른곡,"찬양(빠른곡), 영광"
b_eimavs,영광 영광 왕께 영광,G,빠른곡,"찬양(빠른곡), 영광"
b_hytkm9,영광 영광 할렐루야,A,빠른곡,"찬양(빠른곡), 영광"
b_932eax,영광을 돌리세,G,미디움,영광
b_4itkok,영광의 주님 찬양하세,A,빠른곡,"찬양(빠른곡), 찬양(느린곡), 예수, 영광"
b_sawt7w,영원한 생명의 주님,G,느린곡,고백
b_2vgtxp,예배자,A,느린곡,"경배, 고백"
b_4kwguw,예배합니다,E F G,느린곡,"경배, 고백"
b_dwouqs,예수 가장 귀한 그 이름,E,느린곡,예수
b_1vvcl19,예수 그 이름,D,느린곡,"경배, 예수"
b_14lkmqd,예수 나를 오라 하네,F,느린곡,"예수, 간구"
b_1648a1t,예수 나를 위하여,F,느린곡,"예수, 십자가"
b_4nw1bu,예수 나의 좋은 치료자,A,느린곡,"예수, 치유"
b_12uzd9f,예수 나의 첫사랑 되시네,A,빠른곡,"찬양(빠른곡), 찬양(느린곡), 결단과 헌신, 예수"
b_sxdnht,예수 나의 치료자,A,느린곡,"예수, 치유"
b_17xeo0t,예수 늘 함께하시네,D E F,미디움,"예수, 고백, 인도와 보호, 교제"
b_1vscpnb,예수 닮기를,C A B,느린곡,"결단과 헌신, 예수, 고백"
b_1vtyjsx,예수 메시야,G,빠른곡,"찬양(느린곡), 예수, 십자가, 영광"
b_16alw2k,예수 사랑하심은,C,느린곡,"예수, 사랑"
b_16alw2g,예수 사랑하심을,D,느린곡,"예수, 사랑"
b_166eydk,예수 사랑해요,C,느린곡,"예수, 사랑"
b_br06d4,예수 십자가에 흘린 피로써,G,미디움,"예수, 십자가, 보혈"
b_9ce0ch,예수 아름다우신,G A,느린곡,"경배, 예수"
b_ade94g,예수 안에 소망 있네,Eb,느린곡,예수
b_bx7p8h,예수 열방의 소망,A,빠른곡,"예수, 선교"
b_1bgpyxw,예수 우리 왕이여,A,느린곡,"예수, 간구"
b_1f9rhqz,예수 이름 높이세,G,빠른곡,"찬양(빠른곡), 예수"
b_14alpvp,예수 이름으로,E F,미디움,"예수, 영적전쟁"
b_1iam0b0,예수 이름이 온 땅에,D,빠른곡,"예수, 선교"
b_23gjuk,예수 피를 힘입어,E,미디움,"예수, 보혈, 간구"
b_11jaje9,예수가 보이네,F G,미디움,"예수, 고백"
b_11epvmm,예수가 좋다오,A,빠른곡,"예수, 고백"
b_chr8mx,예수는 나의 힘이요,F,느린곡,"성령, 예수"
b_17vqq1x,예수님 찬양 예수님 찬양,G,빠른곡,"찬양(빠른곡), 예수"
b_pe8vai,예수님이 좋은 걸,E,빠른곡,"예수, 고백"
b_1vsgsnd,예수님처럼,E,느린곡,"결단과 헌신, 예수, 사랑"
b_1gmsi91,예수로 나의 구주 삼고,D,느린곡,"예수, 은혜, 고백"
b_xgildx,예수를 나의 구주 삼고,C,느린곡,"예수, 은혜, 고백"
b_nkufut,예수보다,D,미디움,"예수, 고백"
b_1se0cal,예수의 이름으로,F G,느린곡,"예수, 영적전쟁"
b_bhyyzl,오 놀라운 구세주,D,느린곡,"예수, 은혜"
b_9ob6u9,오 신실하신 주,C,느린곡,"은혜, 고백"
b_njfuz1,오 이 기쁨,G,빠른곡,"감사, 찬양(빠른곡)"
b_uu03l,오 주여 나의 마음이,G,느린곡,"간구, 고백"
b_1ucvtru,오늘 이 곳에 계신 성령님,G,느린곡,"성령, 간구"
b_vscxgt,오늘 이 자리에 모인 우리,G,미디움,"경배, 교제"
b_2q9dcx,오라 우리가,D,미디움,"경배, 간구"
b_1a239ez,오랫동안 모든 죄 가운데 빠져,C,미디움,"은혜, 고백"
b_1cd9jv5,오소서 진리의 성령님,D,느린곡,"성령, 선교"
b_1nebrgz,오직 믿음으로,F,미디움,"결단과 헌신, 고백"
b_nlhmy8,오직 예수,A,미디움,"결단과 헌신, 예수"
b_10urqls,오직 예수뿐이네,D E F,느린곡,"예수, 고백"
b_11ksgu9,오직 주의 사랑에 매여,D,느린곡,"사랑, 선교"
b_wkzo8g,온 땅이여 주를,E,빠른곡,"찬양(빠른곡), 경배"
b_nspp0l,온 맘 다해,F,느린곡,"결단과 헌신, 사랑"
b_1vpi0ql,온전케 되리,C A,느린곡,"고백, 치유"
b_evlhii,옳은 길 따르라 의의 길을,E,미디움,"말씀, 결단과 헌신"
b_4mbwm9,완전하신 나의 주,F,느린곡,경배
b_10jqyk0,왕 되신 주께 감사하세,G,빠른곡,"감사, 사랑"
b_1u7lath,왕의 왕 주의 주,G,빠른곡,"하나님, 영광"
b_1vdlvi4,왕이신 나의 하나님,F G,느린곡,찬양(느린곡)
b_ppvuhd,왜 슬퍼하느냐,G,미디움,"고백, 치유"
b_dhy14m,요게벳의 노래,E F,느린곡,"간구, 고백"
b_gh0zb9,우리 모일 때 주 성령 임하리,D,미디움,"성령, 교제"
b_n26t4z,우리 보좌 앞에 모였네,A,느린곡,"경배, 예수, 보혈, 선교"
b_p23db9,우리 살아가는 모든 날들이,E F,느린곡,"감사, 고백"
b_fqi5nx,우리 오늘 눈물로,A,느린곡,"간구, 고백, 치유"
b_h7cyb4,우리 죄 위해 죽으신 주,A,느린곡,십자가
b_bs8cch,우리 주의 성령이,E,느린곡,"성령, 교제"
b_1q8ww7d,우리 함께 기도해,E,느린곡,"성령, 간구, 교제"
b_1q905nh,우리 함께 기뻐해,E,빠른곡,"찬양(빠른곡), 교제"
b_1iv6vw4,우리는 주의 움직이는 교회,F G,빠른곡,"선교, 교제"
b_4r46g1,우리를 죄에서 구하시려,A,느린곡,"십자가, 보혈"
b_1ulatl8,우릴 사용하소서,C,미디움,"결단과 헌신, 선교"
b_kgz9gh,우물가의 여인처럼,A,미디움,"은혜, 고백"
b_vsx510,원하고 바라고 기도합니다,E F G,느린곡,"간구, 고백"
b_9xcxld,웬 말인가 날 위하여,G,느린곡,"십자가, 보혈"
b_7512s0,위대하고 강하신 주님,E,빠른곡,"경배, 하나님"
b_9j48th,위대하신 주,A,느린곡,"찬양(느린곡), 예수, 선교"
b_1kjszv8,유월절 어린 양의 피로,A,느린곡,보혈
b_34ihl,은혜,C A,느린곡,"은혜, 고백"
b_1tukvpd,은혜 아니면,G,느린곡,"은혜, 고백"
b_nj92e9,은혜로다,G,느린곡,은혜
b_16btjhq,이 곳에 임하신,G,느린곡,"경배, 성령"
b_1cpi49,이 땅에 오직 주밖에 없네,F,느린곡,"고백, 선교"
b_fw0hh5,이 땅의 황무함을 보소서,G,느린곡,"간구, 선교"
b_uq2809,이 산지를 내게 주소서,A,빠른곡,"결단과 헌신, 선교"
b_aaxrf6,이 세상에 근심된 일이 많고,G,미디움,"간구, 치유"
b_nzocgs,이 시간 너의 맘 속에,A,느린곡,"성령, 간구"
b_uugp7h,이것이 영원한 삶,G,미디움,"예수, 고백"
b_1r6moyp,이런 교회 되게 하소서,F,미디움,"간구, 교제"
b_kisgk1,이렇게 좋은 날,C,빠른곡,"감사, 교제"
b_zqakgx,인애하신 구세주여,G,느린곡,"은혜, 간구"
b_1s8288e,일어나라 빛을 발하라,A,빠른곡,"결단과 헌신, 선교, 영적전쟁"
b_1fbqxkt,잊을 수 없는 은혜,G,느린곡,은혜
b_1teasnw,작고 약한 내 모습,G A,느린곡,"은혜, 고백"
b_vnqxen,작은 불꽃 하나가,D,미디움,"선교, 교제"
b_1ru84mo,잔다리 동산,C G,미디움,"결단과 헌신, 교제"
b_1lqqv8x,저 높은 곳을 향하여,E G,미디움,"결단과 헌신, 고백"
b_5avwvy,저 들 밖에 한밤중에,C D,미디움,"예수, 성탄"
b_i49flk,전능하신 나의 주 하나님은,A,느린곡,"말씀, 고백"
b_37y9t,전부,D F,느린곡,"결단과 헌신, 고백"
b_qvuwct,전심으로,E,느린곡,"경배, 고백"
b_1mf0zw4,정결하게 하는 샘이,A,느린곡,보혈
b_l8doox,정결한 맘 주시옵소서,G,느린곡,"성령, 간구"
b_1n2s3z9,존귀 오 존귀하신 주,E,빠른곡,찬양(빠른곡)
b_1vlhep6,좋으신 하나님,E,미디움,"감사, 하나님"
b_wql4ly,좋으신 하나님 인자와 자비,E,빠른곡,"감사, 하나님"
b_d13u8s,죄 짐 맡은 우리 구주,F,느린곡,"예수, 간구"
b_1b4ckla,죄에서 자유를 얻게 함은,G A,미디움,보혈
b_k4l9xt,주 다스리네,D,빠른곡,영적전쟁
b_pkersh,주 달려 죽은 십자가,F,느린곡,십자가
b_1ihhbs8,주 말씀 내 발의 등이요,F,미디움,말씀
b_1u7sgcl,주 발 앞에 나 엎드려,A,빠른곡,"경배, 예수"
b_1iz0vhp,주 보좌로부터,G,느린곡,"경배, 영광"
b_deczdk,주 보혈 날 정결케 하고,G,느린곡,보혈
b_1fui4ix,주 사랑 놀라운 그 사랑,A,느린곡,"예수, 사랑"
b_8kwrew,주 사랑이 나를 숨쉬게 해,D,느린곡,"은혜, 사랑"
b_dsh7jt,주 신실하심 놀라워,G,빠른곡,은혜
b_ivjl10,주 십자가를 지심으로,A,느린곡,"십자가, 보혈"
b_efyghh,주 안에 거하는 너,D,미디움,"말씀, 인도와 보호"
b_tk2a0t,주 안에 새 생명 있네,C,미디움,"은혜, 고백"
b_1mvi99t,주 안에 우리 하나 되어,F,미디움,"결단과 헌신, 교제"
b_14pc22h,주 안에 있는 나에게,G,미디움,"고백, 인도와 보호"
b_n7kqpd,주 안에서 우리 하나 되니,F,미디움,"결단과 헌신, 교제"
b_xcv8sv,주 앞에 나와,A Bb,느린곡,"경배, 고백"
b_u9au3u,주 앞에 무릎 꿇고,G,느린곡,"경배, 고백"
b_y5lup1,주 없이 살 수 없네,G,느린곡,고백
b_91b5e4,주 여호와는 광대하시도다,G A,느린곡,"찬양(느린곡), 영적전쟁"
b_kbokg,주 예수 기뻐 찬양해,F,빠른곡,"찬양(빠른곡), 예수"
b_6cmz1s,주 예수 보다 더 귀한 것은 없네,C,느린곡,"예수, 고백"
b_9c700b,주 예수 이름 높이어,E,빠른곡,"찬양(빠른곡), 예수"
b_10pglbz,주 예수의 이름 높이세,G,빠른곡,"예수, 영적전쟁"
b_wykiit,주 은혜임을,F G A,느린곡,"은혜, 고백"
b_o73fx4,주 음성 외에는,G,느린곡,"고백, 인도와 보호"
b_3oj2q9,주 이름 큰 능력 있도다,D,빠른곡,"찬양(빠른곡), 예수"
b_163xmma,주 임재하시는 곳에,F,빠른곡,찬양(빠른곡)
b_97mich,주 찬양합니다,D,미디움,"찬양(빠른곡), 경배"
b_2yuhmp,주 품에,C,느린곡,"경배, 고백"
b_3ajaux,주 하나님 독생자 예수,A,느린곡,예수
b_q3ru5l,주 하나님 지으신 모든 세계,A,느린곡,"경배, 하나님"
b_1w3scbl,주가 보이신 생명의 길,A,느린곡,"예수, 고백"
b_18s29d1,주가 일하시네,C A,빠른곡,"찬양(빠른곡), 영광"
b_1ad1dmd,주가 주 되심을,C G A,미디움,"경배, 고백"
b_qeatf9,주기도문,A,느린곡,"말씀, 간구"
b_ipka49,주께 가까이,A,느린곡,"경배, 간구"
b_bpoyh,주께 가까이 날 이끄소서,A,느린곡,간구
b_ip4o19,주께 가오니,A,느린곡,"사랑, 고백"
b_nifv8e,주께 가오니 나를 받으소서,G,느린곡,"결단과 헌신, 간구"
b_10uf3kn,주께와 엎드려,C,느린곡,경배
b_1ivctjc,주는 나를 기르시는 목자요,G,느린곡,"예수, 인도와 보호"
b_1cowvk8,주는 완전합니다,A,느린곡,"경배, 고백"
b_1hm5tg5,주님 나라 위하여,D,미디움,"결단과 헌신, 선교"
b_1iq3ygx,주님 내가 여기 있사오니,D,느린곡,결단과 헌신
b_1iwipa1,주님 다시 오실 때까지,C,느린곡,결단과 헌신
b_1js0yhe,주님 뜻대로 살기로 했네,A,빠른곡,결단과 헌신
b_1heoci9,주님 마음 내게 주소서,C,느린곡,간구
b_skoeld,주님 말씀하시면,D,느린곡,"말씀, 결단과 헌신"
b_a1k3m4,주님 사랑 온 누리에,F,미디움,"사랑, 선교"
b_d1ql04,주님 손에 맡겨 드리리,D E F,느린곡,"결단과 헌신, 고백, 인도와 보호"
b_4r4hjc,주님 손잡고 일어서세요,C A,느린곡,"치유, 인도와 보호"
b_n2mqhi,주님 큰 영광 받으소서,G A,느린곡,영광
b_1eyl6np,주님 한 분만으로,G,빠른곡,"사랑, 고백"
b_k8lfe8,주님과 같이,F G,느린곡,"고백, 인도와 보호"
b_tj2mep,주님께 감사해,A,빠른곡,"감사, 경배, 예수"
b_huol0t,주님께서 다스리네,D,빠른곡,"찬양(빠른곡), 영광"
b_rcbkg4,주님만 사랑하리,F,느린곡,"결단과 헌신, 사랑"
b_1lr8zgh,주님여 이 손을 꼭 잡고,G,느린곡,"간구, 인도와 보호"
b_1yeawho,주님은 너를 사랑해,D,미디움,"사랑, 교제"
b_1t9ohkt,주님은 신실하고,G,미디움,고백
b_129e4zr,주님은 절대 포기하지 않으시죠,E,미디움,"은혜, 치유"
b_1sn47ok,주님을 바라봅니다,D,느린곡,"간구, 고백"
b_5cq55h,주님을 보게 하소서,G,느린곡,"결단과 헌신, 간구, 고백"
b_1vstsi,주님의 마음 있는 곳,A,느린곡,"결단과 헌신, 고백"
b_17woqlq,주님의 사랑이 이 곳에 가득하기를,E,느린곡,"사랑, 간구, 교제"
b_k5e20h,주님의 성령,C,느린곡,"성령, 간구"
b_pbxdm6,주님의 성령 지금 이 곳에,D,느린곡,"성령, 간구"
b_qfu8p7,주님의 숲,A,미디움,"치유, 교제"
b_3730ud,주님의 영광 나타나셨네,G,빠른곡,영광
b_o3xsx2,주를 높이기 원합니다,G,느린곡,"경배, 결단과 헌신"
b_novyq0,주를 앙모하는 자,A,미디움,"고백, 인도와 보호"
b_lalyq2,주를 위한 이곳에,D,미디움,경배
b_qezrco,주를 찬양,G,빠른곡,"찬양(빠른곡), 경배"
b_1e9lc,주를 찬양하며,F,느린곡,찬양(느린곡)
b_1rhvvrb,주를 찾는 모든 자들이,E,미디움,"경배, 간구"
b_1jtterp,주를 향한 나의 사랑을,E F G,느린곡,사랑
b_1440rst,주만 바라볼지라,A,미디움,"고백, 인도와 보호"
b_mvsuxn,주와 같이 길 가는 것,E,느린곡,"고백, 인도와 보호"
b_j6sse7,주의 말씀 앞에 선,F,느린곡,"말씀, 고백"
b_h2qty1,주의 발자취를 따름이,D,미디움,"결단과 헌신, 고백"
b_16sb5l9,주의 보좌로 나아갈 때에,E,미디움,"십자가, 보혈"
b_1tpohpo,주의 사랑을 주의 선하심을,D,미디움,"감사, 사랑, 고백"
b_111e9yy,주의 성령이 이곳에 임하여,E,느린곡,"경배, 성령"
b_1cj2mf9,주의 손에 나의 손을 포개고,G,느린곡,"결단과 헌신, 간구"
b_o9tw41,주의 신실하심,G,느린곡,"은혜, 고백"
b_1va86y,주의 영광 빛나니,G,느린곡,"경배, 영광"
b_84o7j,주의 영광 이곳에 가득해,A,느린곡,"경배, 영광"
b_1o2643r,주의 옷자락 만지며,A,느린곡,"간구, 치유"
b_x0fli9,주의 은혜라,A,느린곡,"은혜, 고백"
b_ea927w,주의 음성을 내가 들으니,G,미디움,"말씀, 고백"
b_3pm3c7,주의 이름 높이며,G A,빠른곡,예수
b_1sd4lzm,주의 인자는 끝이 없고,D,느린곡,찬양(느린곡)
b_bwamjt,주의 인자하심이,G,느린곡,"은혜, 고백"
b_166lhep,주의 임재 안에 우리 모였네,E,느린곡,"경배, 교제"
b_1ubtq6r,주의 임재 앞에 잠잠해,A,느린곡,"경배, 영광"
b_e31fln,주의 임재 앞에서,A,느린곡,"경배, 고백"
b_sxijny,주의 자녀로 산다는 것은,E,미디움,"결단과 헌신, 고백"
b_1kk3wkl,주의 자비가 내려와,D,빠른곡,찬양(빠른곡)
b_6q547h,주의 집에 영광이 가득해,A,빠른곡,"찬양(빠른곡), 영광"
b_q6i2y5,주의 친절한 팔에 안기세,G,느린곡,인도와 보호
b_1a49ash,죽으면 죽으리라,B,느린곡,"결단과 헌신, 고백"
b_mot9o1,지금 우리가,D,미디움,"결단과 헌신, 교제"
b_33lbku,지금까지 지내온 것,D E,느린곡,"감사, 은혜"
b_kva6a5,지금은 엘리야 때처럼,A,빠른곡,예수
b_se74gj,지존하신 주님 이름 앞에,G,느린곡,경배
b_4tmcd0,찬송을 부르세요,G,빠른곡,"감사, 찬양(빠른곡)"
b_1ge9f1s,찬양이 언제나,A,미디움,"찬양(빠른곡), 경배"
b_10oxgep,찬양하라 내 영혼아,F G A,빠른곡,"찬양(빠른곡), 경배"
b_p3bmmw,찬양하세,A,빠른곡,"찬양(빠른곡), 예수"
b_zy83fs,참 반가운 성도여,G A,빠른곡,"찬양(빠른곡), 교제, 성탄"
b_mg2gix,참 아름다워라,D,미디움,"감사, 하나님"
b_lid0s0,창조의 아버지,G,느린곡,"하나님, 영광, 선교"
b_vcelic,천국은 마치,G,미디움,"말씀, 고백"
b_tv5og3,천부여 의지 없어서,F,느린곡,"간구, 고백"
b_1ksu05l,천사들의 노래가,E F,빠른곡,"영광, 성탄"
b_1o4vvod,축복의 사람,D E,미디움,"간구, 교제"
b_1o1r2n4,축복합니다,E,미디움,"간구, 교제"
b_1c1st09,춤추는 사자처럼,A,빠른곡,"찬양(빠른곡), 영적전쟁"
b_36tz4,충만,G,미디움,"성령, 간구"
b_1l45bq4,큰 영광 중에 계신 주,G,느린곡,"경배, 영광"
b_1fc9wr0,태산을 넘어 험곡에 가도,G,미디움,"고백, 인도와 보호"
b_x3df7w,평안을 너에게 주노라,D,느린곡,"치유, 인도와 보호"
b_8axfhs,평화 하나님의 평강이,E,느린곡,"인도와 보호, 교제"
b_1p5l5p,하나님 아버지,A,느린곡,"경배, 하나님"
b_wylie9,하나님 아버지의 마음,C,느린곡,"하나님, 사랑"
b_ofvsxc,하나님 어린 양 독생자 예수,A,느린곡,"예수, 십자가, 보혈"
b_1si9hlh,하나님께로 더 가까이,G,느린곡,"경배, 간구"
b_1h1gcx1,하나님께서 당신을 통해,G,미디움,"간구, 교제"
b_fv5245,하나님은 너를 지키시는 자,E,느린곡,"인도와 보호, 교제"
b_1i0wu9l,하나님은 우리의,A,미디움,"하나님, 인도와 보호"
b_9khagp,하나님의 그늘 아래,A,느린곡,"고백, 인도와 보호"
b_87fdux,하나님의 나팔 소리,G,빠른곡,"영광, 고백"
b_1i17eyl,하나님의 부르심,A,미디움,"결단과 헌신, 선교"
b_1sdvxrk,하나님의 사랑 주님의 눈물,G,느린곡,"십자가, 사랑, 치유"
b_1illh8s,하나님의 사랑이,D,느린곡,"은혜, 사랑"
b_1ni921,하나님의 은혜,D F,느린곡,"은혜, 고백"
b_11jrpws,하나님이 날 참 사랑하시네,E,미디움,"은혜, 사랑"
b_1my6ft,하나님이시여,C G A Bb,느린곡,"경배, 간구"
b_ujbuqo,하늘 가는 밝은 길이,C A,미디움,"고백, 인도와 보호"
b_l9u844,하늘 소망,E,느린곡,"간구, 고백"
b_fgpj03,하늘 위에 주님 밖에,A,빠른곡,고백
b_1qo3n0s,하늘과 땅 모두 즐거워하라,G,빠른곡,"찬양(빠른곡), 영광"
b_8s7oyl,하늘의 문을 여소서,C A,미디움,"성령, 간구"
b_1qsuc9x,하늘의 해와 달들아,D,빠른곡,"찬양(빠른곡), 영광"
b_al7pah,하늘이 열리고,A,빠른곡,"찬양(빠른곡), 경배"
b_1qhmsx0,한라에서 백두까지,C,느린곡,"결단과 헌신, 선교"
b_1862jpl,할 수 있다 하신 이는,C A,빠른곡,"결단과 헌신, 고백"
b_2tb8a4,항해자,A,미디움,"결단과 헌신, 인도와 보호"
b_11ukylv,해 같이 빛나리,A,미디움,"영광, 고백"
b_1nw0fm5,해 뜨는 데부터,E,빠른곡,"찬양(빠른곡), 선교"
b_sk1x9o,행군 나팔 소리로,F,빠른곡,"선교, 영적전쟁"
b_32r89,행복,C,느린곡,"은혜, 고백"
b_9wtw00,형제의 모습 속에 보이는,E F,느린곡,"사랑, 교제"
b_2sku5x,호산나,G,미디움,"경배, 예수"
