 ,,이 곳에 없는 곡이 있다면 ,새로운 곡을 추가해주시길 ,부탁드립니다,감사합니다,,,찬송가는 미디움이라도 찬송가란에,,,,,,,,,,,,,,,,,,,,,,,,,,,,,,,,,,
,,FAST,,SLOW,,MEDIU,,찬송가,,,,,,,,,,,,,,,,,,,,,,,,,,,,,,,,,,
,C,거리마다 기쁨으로,,나의 피난처 예수 의지해요,나의 만족과 유익을 위해,산과 시내와 붉은 노을과,,내 평생에 가는 길,,,,,,,,,,,,,,,,,,,,,,,,,,,,,,,,,,
,,예수 감사하리 주의 보혈(A),,목마른 사슴,내 구주 예수님,나는 죽고 주가 살고 ,,주 예수 보다 더 귀한,,,,,,,,,,,,,,,,,,,,,,,,,,,,,,,,,,
,,주이름 큰능력있도다,,보이지 않는 영원한 왕,사랑하는 나의 아버지,거룩하신 성령이여,,예수 사랑하심은,,,,,,,,,,,,,,,,,,,,,,,,,,,,,,,,,,
,,저 높은 하늘 위로,,은혜로만 들어가네,예수 사랑해요,성령이여 임하소서,,하늘에 가득한 영광의 하나님(새찬9),,,,,,,,,,,,,,,,,,,,,,,,,,,,,,,,,,
,,복음 들고 산을 ,,주의 거룩하심 생각할 때,약한 나로 강하게,,,귀하신 주여 날 붙드사,,,,,,,,,,,,,,,,,,,,,,,,,,,,,,,,,,
,,할 수 있다 하신 이는,,주 품에 품으소서,주께와 엎드려,,,새벽부터 우리,,,,,,,,,,,,,,,,,,,,,,,,,,,,,,,,,,
,,,,먼저 그 나라와 의를 구하라,부흥 2000,,,,,,,,,,,,,,,,,,,,,,,,,,,,,,,,,,,,,
,,,,기대,날 향한 계획,,,,,,,,,,,,,,,,,,,,,,,,,,,,,,,,,,,,,
,,,,힘들고 지쳐,다시 복음 앞에,,,,,,,,,,,,,,,,,,,,,,,,,,,,,,,,,,,,,
,,,,성령이 오셨네,여호와 우리 주여,,,,,,,,,,,,,,,,,,,,,,,,,,,,,,,,,,,,,
,,,,주님 손잡고 일어서세요,주 품에,,,,,,,,,,,,,,,,,,,,,,,,,,,,,,,,,,,,,
,,,,하나님이시여,한라에서 백두까지,,,,,,,,,,,,,,,,,,,,,,,,,,,,,,,,,,,,,
,,,,행복,찬양을 드리며,,,,,,,,,,,,,,,,,,,,,,,,,,,,,,,,,,,,,
,,,,주님 다시 오실 때까지,,,,,,,,,,,,,,,,,,,,,,,,,,,,,,,,,,,,,,
,D,선하신 목자,할렐루야 살아계신 주,나 무엇과도 주님을 바꾸지,모든 이름 위에 뛰어난 이름,내 평생 사는 동안,,거룩 거룩 거룩,참 즐거운 노래를 늘 높이 불러서,,,,,,,,,,,,,,,,,,,,,,,,,,,,,,,,,
,,예수 이름이 온 땅에,주의 자비가 내려와,나의 맘 받으소서,주님 손에 맡겨 드리리,감사와 찬양드리며,,그 크신 하나님의 사랑,예수를 나의 구주 삼고,,,,,,,,,,,,,,,,,,,,,,,,,,,,,,,,,
,,주 이름 큰 능력 있도다,,오나의 자비로운 주여,주의 임재 앞에 잠잠해,,,나 주의 도움 받고자,아 하나님의 은혜로,,,,,,,,,,,,,,,,,,,,,,,,,,,,,,,,,
,,,,오직 주의 사랑에 매여,주의 인자는 끝이 없고,,,너 예수께 조용히 나가,정결하게 하는 샘이(새찬264),,,,,,,,,,,,,,,,,,,,,,,,,,,,,,,,,
,,,,이와 같은 때엔,하나님의 은혜,,,복의 근원 강림하사,주를 앙모하는 자,,,,,,,,,,,,,,,,,,,,,,,,,,,,,,,,,
,,,,주님 내가 여기 있사오니,예수 안에 소망 있네,,,선한 목자 되신 우리 주,내 모든 시험 무거운 짐을,,,,,,,,,,,,,,,,,,,,,,,,,,,,,,,,,
,,,,주님 말씀하시면,찬양의 제사 드리며(후렴),,,면류관 벗어서(새찬25),오 신실 하신 주(새찬393),,,,,,,,,,,,,,,,,,,,,,,,,,,,,,,,,
,,,,내 안에 사는 이,주의 집에 거하는 자,,,내 주여 뜻대로(새찬549),내 모든 시험 무거운 짐을,,,,,,,,,,,,,,,,,,,,,,,,,,,,,,,,,
,,,,,,,,선한 목자 되신 우리 주,내 평생 사는 동안,,,,,,,,,,,,,,,,,,,,,,,,,,,,,,,,,
,E,기뻐하며 승리의 노래,,그의 생각(후렴),내 주 같은 분 없네,나를 향한 주의 사랑,,내 주 되신 주를 참사랑하고,,,,,,,,,,,,,,,,,,,,,,,,,,,,,,,,,,
,,,우리 함께 기뻐해,나를 지으신 주님,사랑해요 목소리 높여,내 마음을 가득 채운,,만왕의 왕 내주께서,,,,,,,,,,,,,,,,,,,,,,,,,,,,,,,,,,
,,,이 날은 주가 지으신 날,나의 마음을 정금과 같이,아바아버지,호흡있는 모든 만물,,만유의 주재,,,,,,,,,,,,,,,,,,,,,,,,,,,,,,,,,,
,,여호와를즐거이불러,존귀 오 존귀하신 주,두 손 들고 찬양합니다,아버지 사랑합니다,두려운 마음 가진 자여,,오 나의 주님 친히 뵈오니,,,,,,,,,,,,,,,,,,,,,,,,,,,,,,,,,,
,,,좋으신 하나님 인자와 자비,부르신 곳에서,이 땅에 오직 주 밖에 없네,,,죄 짐 맡은 우리 구주,,,,,,,,,,,,,,,,,,,,,,,,,,,,,,,,,,
,,,,예수님 그의 희생 기억할 때,주를 향한 나의 사랑을,,,주는 나를 기르시는 목자,,,,,,,,,,,,,,,,,,,,,,,,,,,,,,,,,,
,,,,완전하신 나의 주,평화 하나님의 평강이,,,주와 같이 길가는 것,,,,,,,,,,,,,,,,,,,,,,,,,,,,,,,,,,
,,,,우리 함께 기도해,하나님은 너를 지키시는 자,,,내 진정 사모하는,,,,,,,,,,,,,,,,,,,,,,,,,,,,,,,,,,
,,,,주께서 높은 보좌에,,,,,,,,,,,,,,,,,,,,,,,,,,,,,,,,,,,,,,
,,,,,,,,,,,,,,,,,,,,,,,,,,,,,,,,,,,,,,,,,,
,,,,,,,,,,,,,,,,,,,,,,,,,,,,,,,,,,,,,,,,,,
,F,왕이신 하나님 높임을,,거룩하신 하나님 주께,나 주님의 기쁨 되기 원하네,,,구주와 함께 나 죽었으니,,,,,,,,,,,,,,,,,,,,,,,,,,,,,,,,,,
,,나는 주님을 찬양하리라,,나의 모습 나의 소유,마음이 상한 자를,,,내 진정 사모하는,,,,,,,,,,,,,,,,,,,,,,,,,,,,,,,,,,
,,주 예수 기뻐 찬양해,,아버지 사랑 내가 노래해,세상 흔들리고,,,목마른 내 영혼,,,,,,,,,,,,,,,,,,,,,,,,,,,,,,,,,,
,,주 임재하시는 곳에,,예수는 나의 힘이요,약할 때 강함 되시네,,,예수 나를 오라 하네,,,,,,,,,,,,,,,,,,,,,,,,,,,,,,,,,,
,,주의 이름 송축하리,,왕이신 나의 하나님,온 맘 다해,,,예수 나를 위하여,,,,,,,,,,,,,,,,,,,,,,,,,,,,,,,,,,
,,,,주를 찬양하며,온 맘 다해 주 사랑하라,,,주 예수 이름 높이어(새찬36),,,,,,,,,,,,,,,,,,,,,,,,,,,,,,,,,,
,,,,하늘에 나는 새도,주님을 더욱 알기 원하네,,,주 예수님 내 맘에 오사,,,,,,,,,,,,,,,,,,,,,,,,,,,,,,,,,,
,,,,햇살보다 밝게 빛나는,,,,큰영광중에 계신주(새찬20),,,,,,,,,,,,,,,,,,,,,,,,,,,,,,,,,,
,,,,,,,,,,,,,,,,,,,,,,,,,,,,,,,,,,,,,,,,,,
,G,마지막 날에,거룩하신 전능의 주,내 눈 주의 영광을 보네,경배하리 주 하나님,,,갈 길을 밝히 보이시니,주의 영광 빛나니,,,,,,,,,,,,,,,,,,,,,,,,,,,,,,,,,
,,예수보다 더 큰 사랑,경배하리 내 온맘 다해,내 손을 주께 높이 듭니다,나의 가는 길,,,곤한 내 영혼 편히,빛나고높은보좌와(새찬27),,,,,,,,,,,,,,,,,,,,,,,,,,,,,,,,,
,,왕 되신 주께 감사하세,나 기뻐하리,내가 주인 삼은,내 눈 주의 영광을 보네,,,구주 예수 의지함이,다찬양하여라(새찬21),,,,,,,,,,,,,,,,,,,,,,,,,,,,,,,,,
,,왕의 왕 주의 주,주 날 구원했으니,다 표현 못해도,보라 너희는 두려워 말고,,,기뻐하며 경배하세,전능왕 오셔서(새찬10),,,,,,,,,,,,,,,,,,,,,,,,,,,,,,,,,
,,일어나라 주의 백성,생명 주께 있네,모든 상황 속에서,보혈을 지나,,,나 같은 죄인 살리신,영광의 왕께 다 경배하며(새찬67),,,,,,,,,,,,,,,,,,,,,,,,,,,,,,,,,
,,주 신실하심 놀라워,예수 주 승리하심 찬양해,세상의 유혹 시험이,사랑합니다. 나의 예수님,,,나의 생명 되신 주(새찬380),나의 갈길 다가도록(새찬384),,,,,,,,,,,,,,,,,,,,,,,,,,,,,,,,,
,,주님 한분 만으로,주 예수의 이름 높이세,수많은 무리들이 줄지어,십자가를 참으신,,,나의 영원하신 기업(새찬435),,,,,,,,,,,,,,,,,,,,,,,,,,,,,,,,,,
,,주의 이름 높이며,주님의 영광 나타나셨네,십자가 그 사랑,아버지 사랑합니다,,,내 구주 예수를,,,,,,,,,,,,,,,,,,,,,,,,,,,,,,,,,,
,,하늘에 계신 아버지,찬양 중에 눈을 들어,아름다우신,오직 주님만 나의 맘에 갈급함,,,내 영혼의 그윽이 깊은,,,,,,,,,,,,,,,,,,,,,,,,,,,,,,,,,,
,,주님의 임재 앞에서,하늘과 땅 모두 즐거워 하라,영광을 돌리세 우리 하나님께,이 땅 위에 오신 하나님의 본체,,,내 영혼이 은총 입어,,,,,,,,,,,,,,,,,,,,,,,,,,,,,,,,,,
,,신실하신 주님,,예수는 왕 예수는 주,,,,내가 매일 기쁘게,,,,,,,,,,,,,,,,,,,,,,,,,,,,,,,,,,
,,,,은혜로다,정결한 마음 주시옵소서,,,슬픈 마음 있는 사람,,,,,,,,,,,,,,,,,,,,,,,,,,,,,,,,,,
,,,,주님의 손으로,주님 마음 내게 주소서,,,예수는 나의 힘이요,,,,,,,,,,,,,,,,,,,,,,,,,,,,,,,,,,
,,,,주를 높이기 원합니다,주님을 보게 하소서,,,인애하신 구세주여,,,,,,,,,,,,,,,,,,,,,,,,,,,,,,,,,,
,,,,지존하신 주님 이름 앞에,창조의 아버지,,,주 안에 있는 나에게,,,,,,,,,,,,,,,,,,,,,,,,,,,,,,,,,,
,,,,나 주님의 기쁨되기 원하네,세상 모든 민족이,,,태산을 넘어 험곡에 가도,,,,,,,,,,,,,,,,,,,,,,,,,,,,,,,,,,
,,,,영원한 생명의 주님,주 보혈 날 정결케하고,,,찬양하라 복되신 구세주 예수,,,,,,,,,,,,,,,,,,,,,,,,,,,,,,,,,,
,,,,예수의 이름으로,,,,,,,,,,,,,,,,,,,,,,,,,,,,,,,,,,,,,,
,A,살아계신 주,갈급한 내 맘,거룩한 보좌 앞에,나에 안에 거하라,,,갈보리 산 위에,,,,,,,,,,,,,,,,,,,,,,,,,,,,,,,,,,
,,영광의 주님 찬양하세,나의 반석이신 하나님,나는 찬양하리라,날 구원하신 주 감사,,,슬픈 마음 있는 사람,,,,,,,,,,,,,,,,,,,,,,,,,,,,,,,,,,
,,예수 감사하리 주의 보혈,주 발 앞에 나 엎드려,나의 영혼이 잠잠히,내가 만민 중에,,,마음속에 근심 있는 사람,,,,,,,,,,,,,,,,,,,,,,,,,,,,,,,,,,
,,예수 나의 첫 사랑 되시네,주 이름 찬양,내 안에 주를 향한 이 노래,모든 상황 속에서,,,성도여 다 함께,,,,,,,,,,,,,,,,,,,,,,,,,,,,,,,,,,
,,예수 열방의 소망,주님 뜻대로 살기로 했네,내가 주앞에 엎드려,우리 때문에 (잊을 수 없네),,,죄에서 자유를 얻게 함은,,,,,,,,,,,,,,,,,,,,,,,,,,,,,,,,,,
,,주님 같은 반석은 없도다,찬양하세,모든 능력과 모든 권세,우리 보좌 앞에 모였네,,,주 하나님 지으신 모든,,,,,,,,,,,,,,,,,,,,,,,,,,,,,,,,,,
,,주의 집에 영광이 가득해,풀은 마르고,아름답고 놀라운 주 예수,이 세상의 모든 소망 사라질 때,,,하나님의 크신사랑(새찬15),,,,,,,,,,,,,,,,,,,,,,,,,,,,,,,,,,
,,지금은 엘리야 때처럼,하늘 위에 주님 밖에,아침이 오면 해가 떠오르듯이,전능하신 나의 주 하나님은,,,,,,,,,,,,,,,,,,,,,,,,,,,,,,,,,,,,,
,,우리 주안에서 노래하며,온세상 창조주,예수 나의 좋은 치료자,주 발 앞에 무릎 꿇고,,,,,,,,,,,,,,,,,,,,,,,,,,,,,,,,,,,,,
,,,,예수 우리 왕이여,주 사랑 놀라운 그 사랑,,,,,,,,,,,,,,,,,,,,,,,,,,,,,,,,,,,,,
,,,,온 맘으로 송축하리,주께 가까이,,,,,,,,,,,,,,,,,,,,,,,,,,,,,,,,,,,,,
,,,,우리 죄 위해 죽으신 주,주님 곁으로,,,,,,,,,,,,,,,,,,,,,,,,,,,,,,,,,,,,,
,,,,유월절 어린양의 피로,하나님 어린 양,,,,,,,,,,,,,,,,,,,,,,,,,,,,,,,,,,,,,
,,,,은혜로다,하나님의 사랑을 사모하는 자,,,,,,,,,,,,,,,,,,,,,,,,,,,,,,,,,,,,,
,,,,주 여호와는 광대 하시도다,,,,,,,,,,,,,,,,,,,,,,,,,,,,,,,,,,,,,,
,,,,주가 보이신 생명의길,,,,,,,,,,,,,,,,,,,,,,,,,,,,,,,,,,,,,,
,,,,주께 가오니,,,,,,,,,,,,,,,,,,,,,,,,,,,,,,,,,,,,,,
,,,,주님 큰 영광 받으소서,,,,,,,,,,,,,,,,,,,,,,,,,,,,,,,,,,,,,,
,Bb,새 힘 얻으리,,내 구주 예수님,내 삶에 소망(회복추천),,,빈들에 마른풀 같이,하나님의 크신 사랑,,,,,,,,,,,,,,,,,,,,,,,,,,,,,,,,,
,,예수 감사하리 주의 보혈,,무엇이 변치 않아,성령이 오셨네,,,십자가 군병들아,주의 진리위해 십자가,,,,,,,,,,,,,,,,,,,,,,,,,,,,,,,,,
,,,,위대하신 주(빛나는왕의왕),주 앞에 나와 제사를 드리네,,,주의 약속하신 말씀,,,,,,,,,,,,,,,,,,,,,,,,,,,,,,,,,,
,,,,,,,,,,,,,,,,,,,,,,,,,,,,,,,,,,,,,,,,,,
,,,,,,,,,,,,,,,,,,,,,,,,,,,,,,,,,,,,,,,,,,
,,,,,,,,,,,,,,,,,,,,,,,,,,,,,,,,,,,,,,,,,,
,,,,,,,,,,,,,,,,,,,,,,,,,,,,,,,,,,,,,,,,,,
,,,,,,,,,,,,,,,,,,,,,,,,,,,,,,,,,,,,,,,,,,
,감사,,찬양(빠른곡),,찬양(느린곡),,경배,,말씀,,결단과 헌신,,하나님,,성령,,예수,,십자가,,보혈,,영광,,은혜,,사랑,,간구,,고백,,치유,,인도와 보호,,선교,,영적전쟁,,교제,
,A,주님께 감사해,A,영광의 주님 찬양하세,A,영광의 주님 찬양하세,A,주님께 감사해,A,풀은 마르고,A,내 마음에 주를 향한 사랑이,A,찬양하리라,A,빈들에 마른풀같이(172),A,예수 우리 왕이여,A,놀라운 주의 사랑,A,죄에서 자유를 얻게함은,A,찬양하리라,A,은혜로다,A,내 마음에 주를 향한 사랑이,A,예수 우리 왕이여,A,나의 영혼이 잠잠히,A,치료자,A,나의 안에 거하라,A,내 마음에 주를 향한 사랑이,A,주 여호와는 광대하시도다,A,주만바라 볼찌라
,A,날 구원하신 주 감사,A,살아 계신 주,A,살아 계신 주,A,들어오라 지성소로오라,A,전능하신 나의 주하나님은,A,예수 나의 첫사랑되시네,Bb,새 힘얻으리,Bb,성령이 오셨네,A,영광의 주님 찬양하세,A,모든 능력과 모든 권세,A,유월절 어린양의 피로,A,영광의 주님 찬양하세,A,아침이 오면 해가 ,A,내 안에 주를 항햔 이노래,A,내 마음에 주를 향한 사랑이,A,주님 보좌 앞에 나아가,A,예수 나의 좋은 치료자,A,아침이 오면 해가,A,우리 보좌 앞에 모였네,D,주 다스리네,D,우리 모일때
,C,감사해 시험이 닥쳐올때에,A,예수 나의 첫사랑되시네,A,예수 나의 첫사랑되시네,A,거룩한 보좌 앞에,D,아침에 나로 주의,A,믿음따라 걸음마다,C,사랑하는 나의 아버지,C,거룩하신 성령이여,A,주 하나님 독생자 예수,A,우리죄위해 죽으신 주,A,우리 보좌 앞에 모였네,A,선포하라 부활하신 영광,D,은혜로만 들어가네,A,예수 나의 첫사랑되시네,A,주께 가까이 날 이끄소서,A,이 세상의 모든 소망,E,아바 아버지,C,주 품에 품으소서,Bb,위대하신 주,E,기뻐하며 승리의 노래,D,당신은 사랑받기위해
,D,감사해요 주님의 사랑,A,우리 주안에서 노래하며,A,주님 보좌 앞에 나아가,A,내가 주앞에 엎드려,D,주님말씀하시면,A,주님 뜻대로 살기로 했네,E,내 주같은 분 없네,C,불을 내려주소서,A,주님같은 반석은 없도다,Ab,아름다우신,"A,Bb",예수 감사하리 주의 보혈,A,주의 집에 영광이 가득해,D,나를 지으신 이가,A,주 사랑 놀라운 그 사랑,A,모든 상황 속에서,A,주님 곁으로,F,마음의 상한 자를,E,나를 지으신 주님,D,예수 이름이 온땅에,E,승리 하였네,D,당신은 하나님의 언약안에
,"E, F",여호와를 즐거이 불러,A,영광의 주님 찬양하세,A,주 여호와는 광대하시도다,C,주의 거룩하심 생각할때,F,주 말씀 내발의 등이요,A,온 맘으로 송축하리,F,여호와를 즐거이 불러,D,우리 모일때,A,주 사랑 놀라운 그 사랑,E,주의보좌로 나아갈때에,D,정결하게 하는 샘이,A,주님 큰 영광 받으소서,G,주신실하심 놀라워,A,갈급한 내맘 만지시는 주,D,아침에 나로 주의,G,영원한 생명의 주님,G,주님과 같이 내마음,G,나의 가는 길,D,오직 주의 사랑에 매여,G,문들아 머리들어라,D,평안을 너에게
,D,주의사랑을 주의 선하심을,A,광대하신 주,A,나의 반석이신 하나님,C,주께와 엎드려,"F,G",하늘에 나는 새도,C,주님 다시오실 때까지,F,아버지 사랑 내가 노래해,D,오소서 진리의 성령님,A,선포하라 부활하신,E,예수님 그의 희생기억할때,D,은혜로만 들어가네,A,나는 찬양하리라,G,잊을 수 없는 은혜,A,내 안에 주를 향한 이 노래,D,오 나의 자비로운 주여,A,전능하신 나의 주하나님은,G,내 손을 주께 높이,G,보라 너희는 두려워 말고,G,이땅의 황무함을,G,예수는 왕 예수는 주,D,평화 하나님의 평강이
,D,감사로 제사 드리는 자가,A,주의 집에 영광이 가득해,A,나는 찬양하리라,C,찬양을 드리며 주앞에,,,C,나의 만족과 유익을 위해,G,경배하리 주하나님,D,성령이여 내 영혼을,A,주님께 감사해,E/F,빛 되신 주,E,주의 보좌로 나아갈 때에,D,주의 임재 앞에 잠잠해,,,A,주께 가오니,D,주의 집에 거하는 자,A,갈급한 내맘 만지시는 주,,,G,십자가 그 사랑,G,모든 민족과 방언들 가운데,G,나 기뻐하리,E,하나님은 너를 만드신 분
,D,감사와 찬양 드리며,A,주님같은 반석은 없도다,A,내 안에 주를 향한 이 노래,D,주의 임재 앞에 잠잠해,,,D,주님말씀하시면,G,왕의 왕 주의 주,E,두 손 들고 찬양 합니다,A,예수 열방의 소망,F,주 달려죽은 십자가(147),F,보혈을 지나,E,전심으로 주찬양,,,C,놀라운 주의 사랑,D,나의 맘 받으소서,A,하늘 위에 주님 밖에,,,,,G,모든 민족에게 주 성령,G,예수 주 승리하심 찬양해,E,하나님은 너를 지키시는 자
,E,예수님 그의 희생 기억할때,A,나의 반석이신 하나님,A,내가 만민 중에,D,하나님의 존전에서,,,D,주님 내가 여기 있사오니,G,하늘에 계신 아버지,E,예수님 목마릅니다,A,지금은 엘리야때처럼,F,예수 나를 위하여(144),G,주보혈 날 정결케하고,G,영광 영광 왕께 영광을,,,D,나 무엇과도 주님을,D,주의 집에 거하는 자,A,주가 보이신 생명의길,,,,,G,오소서 진리의 성령님,G,주 예수의 이름 높이세,"E, F",은혜의 주님이 당신을
,F,거룩하신 하나님,A,주 이름 찬양,Ab,아름다우신,D,주님손에 다 맡겨드리리,,,E,두 손 들고 찬양 합니다,G,창조의 아버지,E,우리 함께 기도해,A,주 발 앞에 나 엎드려,G,무엇이 변치않아,,,G,예수 메시야,,,D,이와같은 때엔,E,두 손 들고 찬양 합니다,A,주께 가오니,,,,,G,마지막 날에,G,세상의 유혹 시험이,G,하나님께서 우리를 통해
,G,왕되신 주께 감사하세,A,찬양하세,Bb,위대하신 주,D,모든 이름위에 뛰어난,,,E,부르신 곳에서,,,F,마음의 상한 자를,A,찬양하세,G,예수 메시야,,,G,왕의 왕 주의 주,,,D,주의 사랑을 주의 선하심을,E,나의 마음을 정금과 같이,A,모든 상황 속에서,,,,,G,일어나라 주의 백성,,,,
,,,Bb,새 힘얻으리,C,사랑하는 나의 아버지,D.E,주를 위한 이곳에,,,F,온맘다해,,,F,예수는 나의 힘이요,A,나는 찬양하리라,G,십자가를 질 수 있나(519),,,G,주님의 영광 나타 나셨네,,,E,사랑해요 목소리 높여,E,나의 백성이 다 겸비하여,A,주 발 앞에 무릎 꿇고,,,,,G,창조의 아버지,,,,
,,,C,구원이 하나님과 보좌위에,C,찬양을 드리며 주앞에,E,사랑해요 목소리 높여,,,F,나의 모습 나의 소유,,,G,오소서 오 나의 성령이여,A,아름답고 놀라운 주 예수,G,십자가 그사랑,,,G,하늘과 땅 모두 즐거워 하라,,,E,내 마음을 가득채운,F,마음의 상한 자를,A,주 없이 살수 없네(굳게 닫힌),,,,,G,세상 모든 민족이,,,,
,,,C,거리마다 기쁨으로,D,이와 같은 때엔,"E,F",거룩한 땅에,,,G,십자가를 질 수 있나(519),,,G,주 여호와의 신이,A,주가 보이신 생명의길,G,십자가를 참으신 어린양,,,G,내눈 주의 영광을 보네,,,E,주를 향한 나의 사랑을,F,우리는 주의 백성이오니,Bb,주 앞에 나와 제사를,,,,,G,내눈 주의 영광을 보네,,,,
,,,D,주의 자비가 내려와,D,예수 하나님의 공의,"E,F",빛 되신 주,,,G,주를 높이기 원합니다,,,G,하늘에 나는 새도,A,우리 보좌 앞에 모였네,,,,,G,영광을 돌리세,,,E,아버지 사랑합니다,G,나 주님의 기쁨되기 원하네,D,주의 사랑을 주의 선하심을,,,,,,,,,,
,,,D,할렐루야 살아계신 주,D,오직 예수 다른 이름은 없네,"E,F",부르신 곳에서,,,G,주님을 보게하소서,,,G,성령의 불 타는 교회,A,주 발 앞에 무릎 꿇고,,,,,G,창조의 아버지,,,"E,F",나를 향한 주의 사랑,G,하늘에 계신 아버지,E,나를 지으신 주님,,,,,,,,,,
,,,D,내 평생 사는동안,D,주의 인자는 끝이 없고,"E,F",주께서 높은 보좌에,,,,,,,G,마지막 날에,A,영광의 주님찬양하세,,,,,G,세상모든 민족이,,,F,온맘다해,G,주님의 손으로,F,이 땅에 오직 주밖에,,,,,,,,,,
,,,D,찬양의 제사드리며,D,내 평생 사는동안,"E,F",아버지 사랑합니다,,,,,,,G,주님의 손으로,"A, Bb",내 구주 예수님,,,,,G,당신은 영광의 왕,,,F,아버지 사랑 내가 노래해,G,정결한 맘 주시옵소서,F,세상 흔들리고,,,,,,,,,,
,,,D,감사와 찬양드리며,D,찬양의 제사드리며,F,완전하신 나의 주,,,,,,,G,정결한 맘 주시옵소서,Bb,위대하신 주,,,,,,,,,F,온맘다해 주 사랑하라,G,주님 마음 내게주소서,F,약할때 강함되시네,,,,,,,,,,
,,,E,존귀 오 존귀하신 주,D,주의 인자는 끝이 없고,F,햇살보다 밝게 빛나는,,,,,,,,,C,구원이 하나님과 보좌위에,,,,,,,,,G,다 표현 못해도,G,주님을 보게하소서,F,주님을 더욱 알기 원하네,,,,,,,,,,
,,,E,내 마음을 가득채운,F,왕이신 나의 하나님,G,경배하리 주하나님,,,,,,,,,C,예수 사랑해요,,,,,,,,,G,바다같은 주의사랑,,,G,주님 한분만으로,,,,,,,,,,
,,,E,이 날은 주가 지으신 날,F,주를 찬양하며,G,경배하리 내 온맘다해,,,,,,,,,C,약한 나로 강하게,,,,,,,,,G,왕되신 주께 감사하세,,,G,나 기뻐하리,,,,,,,,,,
,,,E,우리함께 기뻐해,G,예수 메시야,G,주를 높이기 원합니다,,,,,,,,,D,할렐루야 살아계신 주,,,,,,,,,G,주님 한분만으로,,,G,찬양 중에 눈을 들어 주를,,,,,,,,,,
,,,E,전심으로 주찬양,G,신실하신 주님,G,지존하신 주님 이름앞에,,,,,,,,,D,오 나의 자비로운 주여,,,,,,,,,G,내가 주인삼은,,,G,모든 상황속에서,,,,,,,,,,
,,,"E,F",여호와를 즐거이 불러,G,내 손을 주께 높이,,,,,,,,,,,D,예수 하나님의 공의,,,,,,,,,G,주 날 구원했으니,,,G,나의 가는 길,,,,,,,,,,
,,,"E,F",나는 주님을 찬양하리라,G,모든 상황 속에서,,,,,,,,,,,D,오직 예수 다른 이름은 없네,,,,,,,,,G,예수보다 더 큰 사랑,,,G,오직 주님만,,,,,,,,,,
,,,"E,F",주예수 기뻐찬양해,G,수많은 무리들 줄지어,,,,,,,,,,,D,주님 손에 다 맡겨드리리,,,,,,,,,,,,,G,주님을 보게 하소서,,,,,,,,,,
,,,"E,F",주의 이름 송축하리,,,,,,,,,,,,,D,모든 이름 위에,,,,,,,,,,,,,G,주님은 신실하고,,,,,,,,,,
,,,F,주 임재 하시는 곳에,,,,,,,,,,,,,D,내 안에 사는 이,,,,,,,,,,,,,,,,,,,,,,,,
,,,F,왕이신 하나님 높임을,,,,,,,,,,,,,D,할렐루야 살아계신 주,,,,,,,,,,,,,,,,,,,,,,,,
,,,G,신실하신 주님,,,,,,,,,,,,,"D,E",예수안에 소망있네,,,,,,,,,,,,,,,,,,,,,,,,
,,,G,주님의 임재 앞에서,,,,,,,,,,,,,E,예수님 그의 희생 기억할 때,,,,,,,,,,,,,,,,,,,,,,,,
,,,G,생명 주께 있네,,,,,,,,,,,,,E,예수 가장 귀한 그이름,,,,,,,,,,,,,,,,,,,,,,,,
,,,G,예수보다 더 큰 사랑,,,,,,,,,,,,,"E,F",주예수 기뻐찬양해,,,,,,,,,,,,,,,,,,,,,,,,
,,,G,거룩하신 전능의 주,,,,,,,,,,,,,F,예수는 나의 힘이요,,,,,,,,,,,,,,,,,,,,,,,,
,,,G,예수 주 승리하심 찬양해,,,,,,,,,,,,,F,약할때 강함되시네,,,,,,,,,,,,,,,,,,,,,,,,
,,,G,찬양 중에 눈을 들어 주를,,,,,,,,,,,,,F,주 예수 기뻐찬양해,,,,,,,,,,,,,,,,,,,,,,,,
,,,G,하늘과 땅 모두 즐거워하라,,,,,,,,,,,,,G,예수 메시야,,,,,,,,,,,,,,,,,,,,,,,,
,,,G,거룩하신 전능의 주,,,,,,,,,,,,,G,주의 이름 높이며,,,,,,,,,,,,,,,,,,,,,,,,
,,,,,,,,,,,,,,,,,G,예수보다 더큰 사랑,,,,,,,,,,,,,,,,,,,,,,,,